	group	names	scores	logfoldchanges	pvals	pvals_adj
0	Cortex	AT4G35060	8.009082	5.446716	1.1556766542065888e-15	1.870115961837102e-11
1	Cortex	AT5G25890	7.831253	8.344278	4.830321778873699e-15	3.9082133512867095e-11
2	Cortex	AT3G51240	7.7227297	6.5936627	1.138645576820635e-14	6.141854241370506e-11
3	Cortex	AT3G16240	7.64869	5.11947	2.0303643772469833e-14	8.21383908815267e-11
4	Cortex	AT5G40450	7.4218397	16.981945	1.155046098027793e-13	3.7381911916571496e-10
5	Cortex	AT1G52565	7.246377	7.9601426	4.280680430652353e-13	1.1544995121469396e-09
6	Cortex	AT1G29025	7.183156	7.9687557	6.812022316721484e-13	1.574744930416958e-09
7	Cortex	AT4G23870	7.161519	6.413756	7.978788542022456e-13	1.6139094523375922e-09
8	Cortex	AT2G22470	6.9522486	4.7720094	3.595094948710318e-12	6.463980717781152e-09
9	Cortex	AT4G30290	6.8805757	4.5866556	5.961111850362656e-12	9.64627119625685e-09
10	Cortex	AT1G65840	6.856234	4.8549542	7.069947011950927e-12	1.0400534777035445e-08
11	Cortex	AT4G30170	6.8092413	6.8520255	9.811485643333348e-12	1.3230788390035021e-08
12	Cortex	AT1G76240	6.6516967	5.16507	2.897335386112097e-11	3.6065139398512266e-08
13	Cortex	AT5G42590	6.5972657	4.4152174	4.188091810191929e-11	4.6328046694716205e-08
14	Cortex	AT3G23050	6.593547	5.237026	4.2944055148976835e-11	4.6328046694716205e-08
15	Cortex	AT2G35880	6.5523014	5.2727494	5.6657016453913007e-11	5.7301490016076264e-08
16	Cortex	AT2G01830	6.373458	3.943431	1.8481304486002799e-10	1.7592027599558664e-07
17	Cortex	AT2G45960	6.3281555	4.297485	2.4810928626078363e-10	2.2305024834844447e-07
18	Cortex	AT4G35100	6.3153086	4.6256313	2.6962330784322484e-10	2.2963391407995073e-07
19	Cortex	AT2G22970	6.2686534	4.9473085	3.6418346670541585e-10	2.886588514959781e-07
20	Cortex	AT2G41660	6.2642584	5.1007223	3.7460362633886663e-10	2.886588514959781e-07
21	Cortex	AT1G25230	6.237212	5.346288	4.4543755768070613e-10	3.0689358229349087e-07
22	Cortex	AT3G06770	6.2348456	4.89947	4.522237378079383e-10	3.0689358229349087e-07
23	Cortex	AT1G78570	6.2338314	5.3239403	4.5516289550387963e-10	3.0689358229349087e-07
24	Cortex	AT2G30990	6.1915717	3.6772277	5.95672700185691e-10	3.8556702537619405e-07
25	Cortex	AT2G15970	6.1097565	4.7395163	9.978321969877738e-10	6.210354081406213e-07
26	Cortex	AT4G34050	6.02997	5.267415	1.6399009692352596e-09	9.828473142283322e-07
27	Cortex	AT2G43340	6.023885	5.1693506	1.7027979069607798e-09	9.840955618014049e-07
28	Cortex	AT3G05890	6.01239	6.3271704	1.8280794989447585e-09	1.0200683604111752e-06
29	Cortex	AT1G06550	5.9643826	3.9028482	2.4556048970094753e-09	1.324553281446911e-06
30	Cortex	AT5G08640	5.9582973	6.856778	2.5487943925877015e-09	1.3304706729307803e-06
31	Cortex	AT2G47060	5.939365	4.053728	2.8612826195553312e-09	1.4469148546763865e-06
32	Cortex	AT5G48000	5.9123187	4.801926	3.3732511985731574e-09	1.6541197241003285e-06
33	Cortex	AT5G53250	5.896767	5.0103736	3.706926068249144e-09	1.7642787540119898e-06
34	Cortex	AT4G32410	5.8805394	3.9465604	4.0893195319806425e-09	1.8875962397426094e-06
35	Cortex	AT5G48560	5.8761444	3.7496903	4.199324226346183e-09	1.8875962397426094e-06
36	Cortex	AT5G11740	5.815966	4.308532	6.028462496102006e-09	2.636556219241153e-06
37	Cortex	AT5G44110	5.745308	5.5196223	9.175390683331095e-09	3.907267685201678e-06
38	Cortex	AT1G76880	5.728742	4.9027185	1.011781481140175e-08	4.1981148532846955e-06
39	Cortex	AT5G06860	5.710824	5.2642384	1.1243059258917765e-08	4.5483796231951825e-06
40	Cortex	AT1G21310	5.702034	4.1790137	1.1838636442119123e-08	4.672507680643211e-06
41	Cortex	AT5G26340	5.672621	5.4126368	1.4062917758471899e-08	5.418241313514102e-06
42	Cortex	AT3G32030	5.668564	4.6069703	1.4399928975314775e-08	5.4190616436870625e-06
43	Cortex	AT2G02960	5.6550407	4.0555625	1.5580921402031103e-08	5.7302379574469845e-06
44	Cortex	AT2G23910	5.6141334	5.630585	1.975498454089375e-08	7.103892440905392e-06
45	Cortex	AT1G17170	5.556322	3.1631432	2.7551857453730322e-08	9.634067273631056e-06
46	Cortex	AT2G30870	5.5536175	7.5514674	2.7981779870266943e-08	9.634067273631056e-06
47	Cortex	AT5G49360	5.546518	5.4455814	2.9141528283550747e-08	9.68511616487662e-06
48	Cortex	AT5G48010	5.5424604	7.5277214	2.9825040655778596e-08	9.68511616487662e-06
49	Cortex	AT2G44670	5.5387416	4.8821826	3.0465239601818545e-08	9.68511616487662e-06
50	Cortex	AT3G53420	5.5384035	2.7337153	3.052409618147989e-08	9.68511616487662e-06
51	Cortex	AT3G19450	5.5333323	3.3735344	3.1420294372343316e-08	9.704887609494077e-06
52	Cortex	AT3G17609	5.531304	4.3179717	3.1785875868445564e-08	9.704887609494077e-06
53	Cortex	AT5G56540	5.4860015	4.6623607	4.111333044771508e-08	1.2306274791391541e-05
54	Cortex	AT1G22740	5.482959	5.0949035	4.1827037048976315e-08	1.2306274791391541e-05
55	Cortex	AT3G19030	5.445094	3.1140342	5.177802547655874e-08	1.4962000147529885e-05
56	Cortex	AT5G36180	5.430557	6.5251026	5.617854148585996e-08	1.5948792251301506e-05
57	Cortex	AT1G19450	5.415005	4.2854357	6.128698085716888e-08	1.7099067659150116e-05
58	Cortex	AT3G57040	5.4068913	3.0343277	6.412808888158688e-08	1.7588487021726084e-05
59	Cortex	AT1G30690	5.400806	3.552977	6.634223900242199e-08	1.789250185895321e-05
60	Cortex	AT1G22830	5.384916	5.210798	7.247847238009604e-08	1.922699409925761e-05
61	Cortex	AT3G23530	5.3318377	4.002283	9.722381570637704e-08	2.5206197140927832e-05
62	Cortex	AT5G02230	5.3301473	5.013244	9.81331368111762e-08	2.5206197140927832e-05
63	Cortex	AT2G01450	5.3176384	2.997232	1.0512272043591983e-07	2.65796228452196e-05
64	Cortex	AT3G17810	5.2611794	3.1136494	1.4313439217056e-07	3.5633857447753874e-05
65	Cortex	AT1G62800	5.24529	3.1487198	1.5603705596132972e-07	3.8257449084336934e-05
66	Cortex	AT3G14840	5.2114816	3.1644204	1.8733830957271878e-07	4.5246395903070676e-05
67	Cortex	AT1G72160	5.196268	3.681257	2.0332887864826898e-07	4.8386292857151304e-05
68	Cortex	AT4G02380	5.157051	3.4907916	2.5086941095329477e-07	5.883433055139443e-05
69	Cortex	AT5G19250	5.1404853	3.879212	2.740298979091331e-07	6.334788297093702e-05
70	Cortex	AT5G40730	5.135414	2.947449	2.815235526910631e-07	6.416357929079977e-05
71	Cortex	AT3G52360	5.104311	3.1021426	3.320022503867173e-07	7.430701235793338e-05
72	Cortex	AT2G31090	5.1022825	4.1135297	3.3558162545916895e-07	7.430701235793338e-05
73	Cortex	AT2G39800	5.099916	3.531456	3.3980465421376036e-07	7.430701235793338e-05
74	Cortex	AT4G39350	5.0901117	4.423035	3.5785303869150637e-07	7.721037162807943e-05
75	Cortex	AT2G34070	5.0857162	5.1033797	3.6624083129441396e-07	7.798038331587113e-05
76	Cortex	AT3G28740	5.066446	3.1179717	4.053116732023533e-07	8.51786168280582e-05
77	Cortex	AT2G25810	5.062051	4.469512	4.1477009184629715e-07	8.604884136226641e-05
78	Cortex	AT5G23870	5.057656	4.6702747	4.244412976372379e-07	8.661792159828852e-05
79	Cortex	AT3G25790	5.0559654	2.7736468	4.2821862117557043e-07	8.661792159828852e-05
80	Cortex	AT5G35200	5.0431185	2.943206	4.5800524586547494e-07	9.149927022956932e-05
81	Cortex	AT4G30470	5.036695	3.3722136	4.7363838393169035e-07	9.234236540701944e-05
82	Cortex	AT2G46330	5.036695	4.2693057	4.7363838393169035e-07	9.234236540701944e-05
83	Cortex	AT4G12520	5.023172	4.4441566	5.082500723460254e-07	9.791074607980218e-05
84	Cortex	AT4G14880	5.0181007	2.6571336	5.21848087772148e-07	9.934759713328116e-05
85	Cortex	AT1G04250	4.99714	4.0147276	5.8186862766552e-07	0.0001094860248009703
86	Cortex	AT3G26690	4.9514995	3.3284502	7.36438971854905e-07	0.00013697764876501232
87	Cortex	AT5G39340	4.9322286	2.9139385	8.129661517984783e-07	0.00014949338941367017
88	Cortex	AT5G10430	4.928848	3.9541442	8.271589423363535e-07	0.00015039422477400983
89	Cortex	AT1G64440	4.9197197	4.262809	8.666815865402737e-07	0.00015438335177259674
90	Cortex	AT1G37130	4.9193816	4.340572	8.681797683417565e-07	0.00015438335177259674
91	Cortex	AT5G42250	4.9007874	2.8063264	9.545327083542529e-07	0.0001678940031150926
92	Cortex	AT3G49845	4.8531184	4.311765	1.2153508472905242e-06	0.0002114710474285512
93	Cortex	AT4G38810	4.833172	4.14362	1.343747578955219e-06	0.0002313247161984399
94	Cortex	AT5G61960	4.8220153	2.4458177	1.4211514119150364e-06	0.00024207444365904337
95	Cortex	AT1G78380	4.812211	6.7111444	1.4926972395017217e-06	0.00025161277843350897
96	Cortex	AT5G17330	4.8000402	2.4074602	1.5863390228490947e-06	0.00026464059863653657
97	Cortex	AT5G28020	4.7685986	3.810042	1.8551174188882247e-06	0.0003062948478146053
98	Cortex	AT1G08500	4.76657	4.012557	1.8738839410237252e-06	0.0003062948478146053
99	Cortex	AT2G26300	4.727015	2.8304336	2.2784435853084573e-06	0.0003686977409746146
100	Cortex	AT4G39070	4.7165346	4.9119515	2.3989554407691097e-06	0.000384355415272532
101	Cortex	AT3G17510	4.6803603	2.2196662	2.8637129805344505e-06	0.0004543196416765537
102	Cortex	AT4G10380	4.678332	7.4469934	2.8921834094562148e-06	0.0004543816692409754
103	Cortex	AT5G61820	4.6763034	3.7598548	2.92092530481504e-06	0.00045448474310112475
104	Cortex	AT1G17745	4.6644707	3.4142609	3.094126675171477e-06	0.00047684912245356996
105	Cortex	AT4G12440	4.657033	5.036085	3.207993496470873e-06	0.000489733497734827
106	Cortex	AT5G54840	4.649257	2.9593441	3.3313291938076193e-06	0.0005038090562074289
107	Cortex	AT4G00430	4.639115	3.2914393	3.499049367727166e-06	0.0005242742302644537
108	Cortex	AT3G24420	4.5965166	3.5650413	4.2961249239270176e-06	0.0006377971882475872
109	Cortex	AT1G66730	4.593474	2.6563802	4.359273066644428e-06	0.0006412886978585467
110	Cortex	AT2G34660	4.5911074	2.8593585	4.409002154861974e-06	0.0006422022053977904
111	Cortex	AT2G39010	4.589417	6.0764995	4.444855209773361e-06	0.0006422022053977904
112	Cortex	AT4G20260	4.58536	3.533963	4.532045731769201e-06	0.000649004991429108
113	Cortex	AT1G68410	4.560004	3.0723536	5.115258770966924e-06	0.0007260975213314628
114	Cortex	AT5G46890	4.5518904	4.4918404	5.316604302070844e-06	0.0007481155723140034
115	Cortex	AT2G30600	4.5309296	3.0035093	5.872474018901754e-06	0.0008192101256367947
116	Cortex	AT5G53460	4.507602	3.3533914	6.556439653373353e-06	0.0009068060382127146
117	Cortex	AT4G16380	4.5045595	3.1450322	6.651080837299062e-06	0.0009120999161794358
118	Cortex	AT2G27000	4.4923887	3.464557	7.042878738610171e-06	0.0009512414772575674
119	Cortex	AT4G12430	4.4920506	5.759443	7.054071021561494e-06	0.0009512414772575674
120	Cortex	AT2G31560	4.4714274	4.7576866	7.76991481891244e-06	0.0010391137322284388
121	Cortex	AT5G42785	4.460609	4.1569457	8.172702881870553e-06	0.0010840219511018794
122	Cortex	AT1G78040	4.446748	3.4378998	8.718004477561961e-06	0.0011469491744382737
123	Cortex	AT2G43150	4.444043	3.0300837	8.82838333715314e-06	0.0011521040254984848
124	Cortex	AT5G60660	4.433901	2.7547064	9.254316847630898e-06	0.0011980268418269055
125	Cortex	AT3G59710	4.4278154	2.4149857	9.51922697108486e-06	0.0012225407210007557
126	Cortex	AT3G28940	4.408207	2.2848053	1.0422992928310968e-05	0.0013280698548498275
127	Cortex	AT5G05270	4.368652	3.1102998	1.2501593493368169e-05	0.001580474889919404
128	Cortex	AT5G67390	4.3659472	4.17347	1.2657310021733236e-05	0.0015828708934180343
129	Cortex	AT3G09940	4.364933	3.9435675	1.2716179467577831e-05	0.0015828708934180343
130	Cortex	AT2G30500	4.359524	3.0630474	1.3034588040895389e-05	0.0015982025623093555
131	Cortex	AT4G32060	4.3591857	3.7378948	1.3054739087555443e-05	0.0015982025623093555
132	Cortex	AT1G20450	4.3578334	5.861292	1.3135640884139432e-05	0.0015982025623093555
133	Cortex	AT4G19120	4.3355203	3.554611	1.4541592073223613e-05	0.0017560600218574963
134	Cortex	AT3G04730	4.33383	3.4188907	1.4653758010832178e-05	0.001756497126898417
135	Cortex	AT3G23810	4.3247013	5.1785946	1.5273851674193813e-05	0.0018151973485991233
136	Cortex	AT5G02270	4.323349	3.1016262	1.5367818363495236e-05	0.0018151973485991233
137	Cortex	AT1G06700	4.3169255	2.9646788	1.5821736935324107e-05	0.0018552706310682224
138	Cortex	AT3G50630	4.3088117	3.7000804	1.64133932475482e-05	0.0019108023707325537
139	Cortex	AT2G01420	4.2854843	4.383704	1.823414332229162e-05	0.0021076064802951645
140	Cortex	AT5G66310	4.2827797	4.8465147	1.845728240596494e-05	0.0021182676871867
141	Cortex	AT1G25550	4.262833	1.9179865	2.0185124073221956e-05	0.002291089710322882
142	Cortex	AT1G23030	4.262157	3.4175897	2.0246312481533317e-05	0.002291089710322882
143	Cortex	AT1G11670	4.2567477	2.5446103	2.0742217679852543e-05	0.0023309067117734295
144	Cortex	AT2G17550	4.252691	3.657608	2.112171318291909e-05	0.0023571831912137706
145	Cortex	AT3G24840	4.2459292	2.66284	2.1768935195326214e-05	0.0024127733515806084
146	Cortex	AT4G31860	4.240858	2.755729	2.2266694207120394e-05	0.00244561818426302
147	Cortex	AT5G27450	4.239844	2.0308347	2.2367537465759914e-05	0.00244561818426302
148	Cortex	AT5G13930	4.2334204	5.653822	2.3016376649129157e-05	0.002499671187491329
149	Cortex	AT3G23750	4.227335	3.9921682	2.3647557775056617e-05	0.002551098532773108
282	Endodermis	AT1G05260	8.143822	5.7161093	3.829926567196547e-16	1.2395174342074907e-12
283	Endodermis	AT1G54730	8.112151	3.698001	4.97312754244947e-16	1.3412524981986222e-12
284	Endodermis	AT3G56130	7.8992057	3.1914663	2.806866595498511e-15	5.677589406044613e-12
285	Endodermis	AT3G32980	7.7575936	5.4657683	8.655603263847419e-15	1.556277466839766e-11
286	Endodermis	AT1G17285	7.620355	4.060758	2.529788733893866e-14	3.721549208351867e-11
287	Endodermis	AT1G65930	7.479799	2.926877	7.443652269474746e-14	8.603798644617167e-11
288	Endodermis	AT5G60400	6.8917847	3.0500343	5.5096745804293285e-12	4.45787770302537e-09
289	Endodermis	AT3G22600	6.8203	5.7007976	9.085060351402893e-12	6.845753891211842e-09
290	Endodermis	AT1G61890	6.7856135	5.3053455	1.1559437104799825e-11	8.132817879559598e-09
291	Endodermis	AT3G22620	6.7026668	7.0660453	2.0464948785030923e-11	1.37984917183071e-08
292	Endodermis	AT3G14990	6.308144	1.9789594	2.824012892034022e-10	1.632077736389091e-07
293	Endodermis	AT3G23470	6.2978888	2.726881	3.0172666563745075e-10	1.683634794256975e-07
294	Endodermis	AT2G48020	6.076045	3.3692846	1.2318274269738429e-09	6.040433764633554e-07
295	Endodermis	AT3G61440	5.8082037	2.3213952	6.314658764982832e-09	2.6890475824987415e-06
296	Endodermis	AT1G54580	5.7806053	2.398556	7.443229383003036e-09	3.088367637839875e-06
297	Endodermis	AT2G46330	5.713947	1.8752487	1.1038558732318e-08	4.154092032706276e-06
298	Endodermis	AT4G23100	5.6733785	1.9316734	1.4000849458593303e-08	4.925255346499061e-06
299	Endodermis	AT1G19450	5.6492486	2.2035713	1.611507076173365e-08	5.37351408171678e-06
300	Endodermis	AT2G21660	5.548808	2.3805892	2.8762368320055225e-08	8.966080017565396e-06
301	Endodermis	AT5G13750	5.516836	2.5563202	3.451571583494549e-08	1.0343209511871997e-05
302	Endodermis	AT1G72210	5.4764185	3.3329844	4.340203838260888e-08	1.2541639019774588e-05
303	Endodermis	AT3G06650	5.3780894	2.196923	7.528041382647155e-08	2.0307499182374426e-05
304	Endodermis	AT2G29980	5.3764305	2.556607	7.597699616150686e-08	2.0307499182374426e-05
305	Endodermis	AT1G61740	5.3750734	1.7395712	7.65515665631467e-08	2.0307499182374426e-05
306	Endodermis	AT4G24130	5.332997	5.340222	9.660500969496427e-08	2.433151822352507e-05
307	Endodermis	AT1G20190	5.3268137	3.029767	9.995067607770802e-08	2.4506088489234412e-05
308	Endodermis	AT1G54100	5.2684493	1.718339	1.375808937853818e-07	3.2119765093559615e-05
309	Endodermis	AT5G28020	5.2666397	1.9428531	1.3894349008461087e-07	3.2119765093559615e-05
310	Endodermis	AT1G06550	5.2547255	2.1748288	1.4824530174391348e-07	3.3318131566944556e-05
311	Endodermis	AT4G30350	5.247939	2.1728816	1.5381010918328475e-07	3.4095276531560466e-05
312	Endodermis	AT3G02470	5.2067676	1.5025868	1.9215853673220776e-07	4.202039785676468e-05
313	Endodermis	AT1G17970	5.0918493	3.4697165	3.545880881894926e-07	7.172430553852962e-05
314	Endodermis	AT1G16060	5.0797844	3.0507143	3.7786370324953936e-07	7.548877093807464e-05
315	Endodermis	AT3G15450	4.9775343	1.9441633	6.439944992980403e-07	0.00011846700319811697
316	Endodermis	AT3G56275	4.964112	3.6227438	6.901616559613785e-07	0.0001227274276567805
317	Endodermis	AT2G44160	4.9378705	1.9339685	7.898020257210092e-07	0.00013742555247545562
318	Endodermis	AT3G18000	4.9084625	3.737321	9.179322623938921e-07	0.00015635768284271538
319	Endodermis	AT3G57520	4.87453	3.063707	1.090679198971662e-06	0.00017649370797759433
320	Endodermis	AT5G47870	4.788115	2.42388	1.6835533457769917e-06	0.00026709078668003214
321	Endodermis	AT2G30520	4.7749944	1.8450421	1.79712431763576e-06	0.00028234044376681427
322	Endodermis	AT5G15230	4.74257	2.466611	2.110241615646847e-06	0.00031618453541108586
323	Endodermis	AT1G17170	4.739252	1.472413	2.1450873050655485e-06	0.00031845690615202484
324	Endodermis	AT3G05020	4.6852612	2.6186466	2.7960291969843273e-06	0.00040040127845664055
325	Endodermis	AT5G10280	4.637454	5.8312664	3.527269068441877e-06	0.0004878484450044996
326	Endodermis	AT1G08430	4.6291595	2.7072256	3.6715295731262807e-06	0.0004992663155657939
327	Endodermis	AT2G25710	4.600958	2.4327483	4.20552807252593e-06	0.0005548881556302074
328	Endodermis	AT5G05270	4.6003547	3.081894	4.217726062446886e-06	0.0005548881556302074
329	Endodermis	AT1G35516	4.5977907	1.4176842	4.269946782662535e-06	0.0005572280551374608
330	Endodermis	AT4G09030	4.5558653	1.6180394	5.2170419276182234e-06	0.0006676094015267049
331	Endodermis	AT2G02390	4.507907	1.7044322	6.547025723356589e-06	0.0008276872676199712
332	Endodermis	AT5G01600	4.486944	2.688717	7.22519853146423e-06	0.0009063423460166989
333	Endodermis	AT5G02580	4.4370255	2.5363703	9.121045138081921e-06	0.0011181572153366793
334	Endodermis	AT2G36080	4.403847	2.4257376	1.0634792898869527e-05	0.001284270288727662
335	Endodermis	AT5G03630	4.392838	1.3822138	1.1188058792969662e-05	0.0013410753139839636
336	Endodermis	AT3G16800	4.3901234	2.712821	1.1328645093933103e-05	0.0013479421684560698
337	Endodermis	AT5G65020	4.3383946	2.3537776	1.4352711508037291e-05	0.0015907916275552019
338	Endodermis	AT3G17820	4.271887	2.1690643	1.9382580579632583e-05	0.0020765026511762167
339	Endodermis	AT1G36160	4.2696247	1.979883	1.9580205449789904e-05	0.0020765026511762167
340	Endodermis	AT1G08660	4.239161	1.2210814	2.2435682742239258e-05	0.002357494922953998
341	Endodermis	AT4G33580	4.223627	2.5224516	2.404014780605778e-05	0.0024621371632761206
342	Endodermis	AT1G01090	4.21111	2.6232052	2.5411902338704493e-05	0.0025541329418938886
343	Endodermis	AT3G60530	4.1714463	2.0496056	3.0267210192855078e-05	0.002968387850550187
344	Endodermis	AT5G47770	4.1372123	1.2374271	3.515508115665794e-05	0.0033267808378774195
345	Endodermis	AT5G41040	4.1316323	5.721209	3.601963163674807e-05	0.003369188896796863
346	Endodermis	AT5G03300	4.1280127	1.8289813	3.65911749296943e-05	0.00340297926846157
347	Endodermis	AT4G17460	4.1139874	2.0868158	3.8888278889065424e-05	0.003575512096493504
348	Endodermis	AT1G62640	4.093326	2.598883	4.25228924151667e-05	0.003822808028123486
349	Endodermis	AT3G27770	4.0277233	1.6265639	5.631960658982276e-05	0.004970706028188326
350	Endodermis	AT1G04220	3.9962034	5.1277175	6.436639921740643e-05	0.005569930867037813
351	Endodermis	AT4G14030	3.9737327	1.6933156	7.07549887316833e-05	0.006026090671874206
352	Endodermis	AT4G39660	3.964684	2.1853833	7.349326108986775e-05	0.006194103911230417
353	Endodermis	AT1G45130	3.9571433	2.2676833	7.585141442859896e-05	0.00635972843670253
354	Endodermis	AT5G58000	3.9336169	2.4002187	8.367716361830599e-05	0.006938429377915032
355	Endodermis	AT2G14900	3.9313545	6.4775934	8.446858159988019e-05	0.006938429377915032
356	Endodermis	AT5G59840	3.9280367	0.9634184	8.564213302525543e-05	0.006999297962700421
357	Endodermis	AT2G30600	3.9185357	1.6713505	8.908857070398448e-05	0.007208156255659384
358	Endodermis	AT2G48130	3.9185357	5.4271994	8.908857070398448e-05	0.007208156255659384
359	Endodermis	AT1G11580	3.9088836	1.6248232	9.272359776672817e-05	0.007409871428685271
360	Endodermis	AT3G19820	3.8527818	1.9147393	0.00011678346005034256	0.008872253288895038
361	Endodermis	AT3G19450	3.8078399	1.9712476	0.00014018594988666377	0.010358397447789923
362	Endodermis	AT5G17920	3.7396731	1.4302702	0.0001842596896573899	0.01313519955081887
363	Endodermis	AT1G55340	3.7375617	1.2252779	0.00018581343585471788	0.013187864118425634
364	Endodermis	AT5G36160	3.6850793	2.7925837	0.00022863137206167655	0.015878595977262017
365	Endodermis	AT2G28470	3.6807058	4.1227417	0.00023258920368689887	0.01608443800880939
366	Endodermis	AT4G11820	3.6200795	1.3950571	0.0002945123803342645	0.01953175907008705
367	Endodermis	AT1G62480	3.5954974	1.7527472	0.00032377243704097383	0.02105350114350765
368	Endodermis	AT2G39280	3.587806	1.2177799	0.0003334723183880977	0.02149900022372987
369	Endodermis	AT2G16750	3.5751379	2.268158	0.0003500434971873181	0.02238894810863708
370	Endodermis	AT4G13930	3.573479	1.3996041	0.00035226969718585023	0.022442630865596176
371	Endodermis	AT5G28640	3.5671449	3.388153	0.0003608921145642763	0.022901789011290665
372	Endodermis	AT2G38400	3.5329106	3.8989956	0.0004110114940249473	0.025679490333249795
373	Endodermis	AT2G37080	3.506971	3.00977	0.00045323857404532897	0.02820887155846736
374	Endodermis	AT2G37300	3.503653	4.110618	0.0004589227194785177	0.028453208607668097
375	Endodermis	AT5G41790	3.495811	1.4742272	0.00047262345983258784	0.029190812316835638
376	Endodermis	AT4G03610	3.4851034	1.6549214	0.0004919470630349529	0.03009116509668587
377	Endodermis	AT5G13710	3.4783168	1.9374893	0.0005045732230710172	0.03069550336742556
378	Endodermis	AT4G08390	3.4759037	1.3688248	0.0005091348660236347	0.030857005250915566
379	Endodermis	AT2G38180	3.474848	2.876867	0.0005111426489009427	0.030863098300429305
380	Endodermis	AT5G66390	3.4682124	6.859375	0.0005239329627022654	0.03143631399968015
381	Endodermis	AT5G55790	3.4679108	1.6038488	0.0005245213681815376	0.03143631399968015
382	Endodermis	AT5G08640	3.4665534	1.4341443	0.0005271768218379918	0.0314788757600826
383	Endodermis	AT1G54630	3.4623308	1.310644	0.0005355185674533331	0.03185941712694793
384	Endodermis	AT4G20070	3.431716	2.6315608	0.0005997752150925514	0.03529295465682788
385	Endodermis	AT4G11290	3.4231198	5.42022	0.0006190679205632254	0.03590593939266708
386	Endodermis	AT1G20950	3.4193494	1.7793734	0.000627710476958463	0.036252396130147135
387	Endodermis	AT5G53900	3.417389	1.4502844	0.0006322488404666902	0.036252396130147135
388	Endodermis	AT3G49810	3.402911	1.6665953	0.0006667198619818117	0.03798894650207633
389	Endodermis	AT4G16710	3.3735027	1.1852357	0.0007421829460217773	0.041130152166179455
390	Endodermis	AT5G42620	3.3677719	1.2420028	0.0007577824896567848	0.04170896682866017
391	Endodermis	AT5G54230	3.3507302	3.6726606	0.0008059877305982887	0.043474978188471694
392	Endodermis	AT1G52760	3.3475633	1.0317543	0.0008152539388593768	0.04382870178944331
393	Endodermis	AT5G27380	3.3275054	1.3417827	0.0008762732955563086	0.046491326126859626
394	Endodermis	AT4G17190	3.3161943	1.4124235	0.0009125232407669104	0.04778786757957976
395	Endodermis	AT2G36530	3.310162	1.0758756	0.0009324200466139711	0.04851582377590765
396	Endodermis	AT2G41150	3.30051	2.4914289	0.0009650926884877892	0.04973608243665415
397	Epidermis	AT1G07590	17.184341	11.712428	3.478772457572757e-66	5.629349590844235e-62
398	Epidermis	AT2G01530	15.91944	9.948061	4.645128154284736e-57	3.7583731896317795e-53
399	Epidermis	AT1G19020	14.60834	5.6013293	2.484996286544913e-48	1.3404069969623262e-44
400	Epidermis	AT3G21710	14.467157	4.763778	1.9538056009856108e-47	7.904120558787288e-44
401	Epidermis	AT3G26470	14.325688	7.0108657	1.5122186471260062e-46	4.894144429558607e-43
402	Epidermis	AT1G65510	14.235154	4.876021	5.544065136117514e-46	1.4952343672108936e-42
403	Epidermis	AT1G07610	14.064846	8.919053	6.245883597165506e-45	1.4438698338476033e-41
404	Epidermis	AT3G09260	14.00602	13.431504	1.4320893286046354e-44	2.896758689435026e-41
405	Epidermis	AT3G21510	13.553348	4.5102973	7.569791912685223e-42	1.361048585900803e-38
406	Epidermis	AT1G14870	12.931658	4.17218	2.9831615505375344e-38	4.649853046096282e-35
407	Epidermis	AT4G37010	12.92721	3.8157468	3.160819645721116e-38	4.649853046096282e-35
408	Epidermis	AT1G51830	12.833662	5.139403	1.0622160453211718e-37	1.4323983371156003e-34
409	Epidermis	AT3G22460	12.479703	5.2614946	9.634579897531883e-36	1.1992828607835456e-32
410	Epidermis	AT5G08240	12.459759	4.396968	1.2374367385751612e-35	1.430300093115947e-32
411	Epidermis	AT3G17510	12.415137	3.5509512	2.1631462965456162e-35	2.3336022247134106e-32
412	Epidermis	AT1G45015	12.207238	7.4022217	2.8437930638933463e-34	2.876141209995133e-31
413	Epidermis	AT4G37070	12.190452	4.0768356	3.494805869164404e-34	3.326644033812846e-31
414	Epidermis	AT5G19230	12.058739	4.045009	1.744339068572312e-33	1.5681608226465083e-30
415	Epidermis	AT3G28940	11.908374	4.2274323	1.0704447203626227e-32	9.116808665741032e-30
416	Epidermis	AT3G01290	11.802487	4.538984	3.7894266388968467e-32	3.066025093531439e-29
417	Epidermis	AT1G56010	11.690431	4.093063	1.426607512374942e-31	1.099302988821491e-28
418	Epidermis	AT3G05165	11.544227	3.6042798	7.89479361128216e-31	5.806979555353087e-28
419	Epidermis	AT5G19240	11.214085	6.974806	3.477659325227093e-29	2.4467601391662963e-26
420	Epidermis	AT1G76180	11.061137	5.7709126	1.9362681556665202e-28	1.3055288039581512e-25
421	Epidermis	AT2G46430	11.03029	5.476881	2.72984945599773e-28	1.7669769558782107e-25
422	Epidermis	AT5G47740	10.835016	4.3111887	2.3492399160159013e-27	1.4621307815757428e-24
423	Epidermis	AT1G79245	10.751656	6.0874686	5.820738847623488e-27	3.488562816009011e-24
424	Epidermis	AT2G43150	10.531704	3.3667445	6.170719930359932e-26	3.4432617211408423e-23
425	Epidermis	AT1G71697	10.508317	2.680848	7.909230049170735e-26	4.2662386885226944e-23
426	Epidermis	AT1G16880	10.372874	3.863603	3.2946399868152906e-25	1.7198020731175818e-22
427	Epidermis	AT1G73660	10.320074	3.5586925	5.717897376115003e-25	2.8914692293841555e-22
428	Epidermis	AT1G66200	10.123509	4.281753	4.34548677303484e-24	2.130868695795448e-21
429	Epidermis	AT1G08930	10.115188	3.61971	4.7310877491743646e-24	2.2517194693276345e-21
430	Epidermis	AT5G54940	10.10084	3.743981	5.4770995215965125e-24	2.5322978416707077e-21
431	Epidermis	AT1G72510	9.952053	4.6384945	2.4703228215427202e-23	1.1104101082834527e-20
432	Epidermis	AT5G62480	9.927662	5.3196054	3.155669826835495e-23	1.3801364631851885e-20
433	Epidermis	AT1G32230	9.899541	3.247861	4.1819153621443113e-23	1.7808356418478747e-20
434	Epidermis	AT4G02380	9.634968	3.7990613	5.691002132579115e-22	2.3613281156255187e-19
435	Epidermis	AT2G25460	9.611007	5.3954997	7.184311490407561e-22	2.906413213444379e-19
436	Epidermis	AT5G42600	9.556055	5.1078014	1.2233149611243472e-21	4.8282152929059e-19
437	Epidermis	AT1G05570	9.547589	4.3824415	1.3274902993869696e-21	5.114630482066653e-19
438	Epidermis	AT5G45070	9.539699	6.3733373	1.4324859673684066e-21	5.390811145105943e-19
439	Epidermis	AT1G78070	9.512151	2.886714	1.8676117960199163e-21	6.86856683708961e-19
440	Epidermis	AT2G38470	9.491346	3.1260502	2.2806970151374834e-21	8.167953138495052e-19
441	Epidermis	AT3G49780	9.489481	4.113611	2.3218751969519987e-21	8.167953138495052e-19
442	Epidermis	AT3G19030	9.441129	2.8400984	3.687844242526724e-21	1.2697169262248394e-18
443	Epidermis	AT3G25930	9.415876	3.8655052	4.691501688632055e-21	1.5816225067800816e-18
444	Epidermis	AT5G36180	9.400238	1.8937274	5.443993185194326e-21	1.7978509739349914e-18
445	Epidermis	AT3G09220	9.376564	7.573001	6.815774849910074e-21	2.2058573724248966e-18
446	Epidermis	AT3G13040	9.358629	3.542024	8.077789704605939e-21	2.5630351568614373e-18
447	Epidermis	AT3G27210	9.328356	3.0062366	1.0752640208912245e-20	3.3461389203964987e-18
448	Epidermis	AT4G20260	9.205108	1.8930172	3.4132825508834556e-20	1.0421460044980392e-17
449	Epidermis	AT3G52800	9.129495	2.66958	6.881953784613217e-20	2.0622921507890938e-17
450	Epidermis	AT1G21110	9.105391	5.9870152	8.59564459258567e-20	2.528994923585842e-17
451	Epidermis	AT5G42250	9.069091	3.3083174	1.2001417319450588e-19	3.467980983274097e-17
452	Epidermis	AT2G36380	9.046708	2.369443	1.4734295046232636e-19	4.1108683178989055e-17
453	Epidermis	AT2G28570	9.007396	3.5988343	2.110081726593996e-19	5.787346186397295e-17
454	Epidermis	AT5G25770	8.994769	2.099897	2.3672876707214477e-19	6.384574847935745e-17
455	Epidermis	AT5G18860	8.992331	3.0747716	2.4204321930450844e-19	6.420890778336976e-17
456	Epidermis	AT1G69310	8.971095	3.388834	2.9357977359181366e-19	7.662432090746337e-17
457	Epidermis	AT2G40110	8.960478	2.575111	3.232735337828146e-19	8.303511624878581e-17
458	Epidermis	AT4G36990	8.898353	2.8346698	5.668188747684787e-19	1.4331660986724252e-16
459	Epidermis	AT1G05340	8.849569	3.982447	8.785732479411155e-19	2.187241892028174e-16
460	Epidermis	AT5G07100	8.827475	5.4215364	1.0706607775891644e-18	2.625065561052706e-16
461	Epidermis	AT3G46700	8.803083	4.502034	1.3310810467385087e-18	3.2148587310929174e-16
462	Epidermis	AT5G14120	8.781274	4.3047743	1.6163279785464116e-18	3.846385198358534e-16
463	Epidermis	AT2G45380	8.74067	2.1472688	2.3173180922351432e-18	5.43461469109407e-16
464	Epidermis	AT3G26440	8.702505	2.8650868	3.246373820942922e-18	7.504688738642623e-16
465	Epidermis	AT2G31570	8.6146965	2.3646	7.012708628874501e-18	1.5983049441189744e-15
466	Epidermis	AT4G27652	8.59547	2.9221125	8.292431680791595e-18	1.863724020257911e-15
467	Epidermis	AT3G12977	8.55257	3.5064306	1.2037700692046765e-17	2.66841195340686e-15
468	Epidermis	AT1G05710	8.544967	2.8569698	1.2857377403795045e-17	2.811595691192046e-15
469	Epidermis	AT3G05880	8.524162	3.1982224	1.539200448957851e-17	3.285415638130576e-15
470	Epidermis	AT1G62570	8.523875	2.6707044	1.543020569138078e-17	3.285415638130576e-15
471	Epidermis	AT1G51270	8.517706	4.427956	1.6274537612123306e-17	3.3247088170781375e-15
472	Epidermis	AT3G51730	8.517419	2.8015218	1.6314899318859376e-17	3.3247088170781375e-15
473	Epidermis	AT5G59820	8.516701	2.8948953	1.6416236224155003e-17	3.3247088170781375e-15
474	Epidermis	AT5G58200	8.516558	2.2313066	1.643657801052101e-17	3.3247088170781375e-15
475	Epidermis	AT1G70690	8.473802	4.7731466	2.3751241805719073e-17	4.7449703074092106e-15
476	Epidermis	AT5G05140	8.470358	2.3457105	2.446403286634748e-17	4.827768046868719e-15
477	Epidermis	AT5G04830	8.462466	2.1990159	2.6178083255644115e-17	5.103780039070278e-15
478	Epidermis	AT1G18300	8.447258	3.1890306	2.982244418228136e-17	5.7450808542580595e-15
479	Epidermis	AT5G12340	8.420714	5.3742385	3.741951282588137e-17	7.123794782922497e-15
480	Epidermis	AT5G09978	8.408376	3.727959	4.157287038927366e-17	7.822467309758447e-15
481	Epidermis	AT3G24503	8.405219	2.904052	4.270642977050763e-17	7.943395937314417e-15
482	Epidermis	AT1G52200	8.400341	4.7396264	4.451852899620697e-17	8.186350411552513e-15
483	Epidermis	AT3G30390	8.311241	2.810213	9.470643604262967e-17	1.7028217200464816e-14
484	Epidermis	AT1G69450	8.298471	2.4686277	1.0545949968924473e-16	1.8753248615069873e-14
485	Epidermis	AT5G07440	8.293736	4.0408144	1.0974531379092766e-16	1.9303246388747732e-14
486	Epidermis	AT1G20440	8.291441	2.6725998	1.1188465846613677e-16	1.9467930573107796e-14
487	Epidermis	AT1G79270	8.283263	2.0339355	1.1984562098789575e-16	2.0631296157724777e-14
488	Epidermis	AT1G08320	8.213102	3.2085161	2.1554617960709771e-16	3.67154555621269e-14
489	Epidermis	AT1G26440	8.034041	2.1798613	9.43131023689859e-16	1.5897652318072187e-13
490	Epidermis	AT2G01890	7.9406376	4.4242516	2.0114449854669758e-15	3.3555879128687217e-13
491	Epidermis	AT5G43580	7.93332	4.146562	2.13363249199248e-15	3.523106223002277e-13
492	Epidermis	AT4G05320	7.9249988	1.943968	2.2814897543321645e-15	3.729198707535665e-13
493	Epidermis	AT3G01420	7.905916	4.2159805	2.659704733203681e-15	4.3039341992701965e-13
494	Epidermis	AT1G21100	7.8874073	6.0148983	3.085290079211478e-15	4.939930962856525e-13
495	Epidermis	AT2G23810	7.8862596	2.3209205	3.113786665500961e-15	4.939930962856525e-13
496	Epidermis	AT4G27654	7.8687553	3.239152	3.581871417623767e-15	5.627363425241534e-13
497	Epidermis	AT3G16460	7.860003	2.92397	3.841239585467754e-15	5.919898949718018e-13
498	Epidermis	AT1G18200	7.8192554	4.036127	5.313670746898187e-15	8.111869813802496e-13
499	Epidermis	AT1G21310	7.8046207	3.481404	5.968078719638078e-15	9.025742975811531e-13
500	Epidermis	AT5G25560	7.7881207	2.1269195	6.801319543131858e-15	1.01906437821259e-12
501	Epidermis	AT5G62570	7.777073	2.4922667	7.42218364116718e-15	1.1018878502877733e-12
502	Epidermis	AT1G79380	7.7604294	1.483888	8.464226100087582e-15	1.2451646068328842e-12
503	Epidermis	AT2G25735	7.7562685	5.370666	8.746466425179864e-15	1.2750929702005455e-12
504	Epidermis	AT4G15563	7.709495	2.0477135	1.2631672634477135e-14	1.8250511300991876e-12
505	Epidermis	AT2G41380	7.6746297	2.4615378	1.658971544484442e-14	2.3757059763581626e-12
506	Epidermis	AT5G54840	7.670038	2.0620594	1.719448166095747e-14	2.440711423136963e-12
507	Epidermis	AT5G11650	7.642491	2.1127899	2.1305941197935092e-14	2.9721787971119454e-12
508	Epidermis	AT5G56870	7.62843	5.1803555	2.376300664067636e-14	3.286606610764315e-12
509	Epidermis	AT5G23510	7.57893	3.4685028	3.484163990144348e-14	4.778028956653885e-12
510	Epidermis	AT1G45145	7.5688868	2.9502308	3.7643669124511205e-14	5.118906334225549e-12
511	Epidermis	AT3G59210	7.559991	2.9788482	4.030974603917697e-14	5.4357692533830136e-12
512	Epidermis	AT1G27730	7.5391865	3.3669438	4.7291170754863314e-14	6.324510125249572e-12
513	Epidermis	AT5G13180	7.5225434	2.5656314	5.372085177958317e-14	7.1254985532558595e-12
514	Epidermis	AT5G65300	7.4941344	2.736319	6.673720967912248e-14	8.78001241485821e-12
515	Epidermis	AT2G45920	7.4647217	3.1811848	8.347588853463085e-14	1.0893603453769326e-11
516	Epidermis	AT2G30840	7.461852	4.523687	8.531462880261483e-14	1.1044490586271305e-11
517	Epidermis	AT2G39420	7.436313	2.4486604	1.0353432989275073e-13	1.3296766081940416e-11
518	Epidermis	AT5G57010	7.415365	3.4527326	1.2129005285668068e-13	1.545445382147092e-11
519	Epidermis	AT3G44260	7.338031	2.6264002	2.167594373723669e-13	2.7403134496559695e-11
520	Epidermis	AT3G16420	7.3244004	4.0799913	2.399693581280947e-13	3.0102202738207976e-11
521	Epidermis	AT5G11090	7.3205266	2.0800083	2.470000842151327e-13	3.0745810482840596e-11
522	Epidermis	AT1G56660	7.3182306	5.2605987	2.512615103032486e-13	3.089928424785016e-11
523	Epidermis	AT2G01670	7.3178005	3.3070714	2.520685293313555e-13	3.089928424785016e-11
524	Epidermis	AT4G32020	7.316796	1.6036314	2.539614883799327e-13	3.089928424785016e-11
525	Epidermis	AT1G73300	7.305318	3.903627	2.766122461873611e-13	3.3404025132864754e-11
526	Epidermis	AT5G48657	7.285374	2.374725	3.207783354043392e-13	3.845062980380013e-11
527	Epidermis	AT4G23430	7.280783	3.0732124	3.318880402698663e-13	3.9489796085639536e-11
528	Epidermis	AT5G48290	7.2638526	4.686069	3.762177806047486e-13	4.4437635954350664e-11
529	Epidermis	AT5G11670	7.240896	2.3437715	4.4572941121435213e-13	5.226661834978729e-11
530	Epidermis	AT5G06300	7.2345834	2.5951328	4.669610414862896e-13	5.4362327865691634e-11
531	Epidermis	AT1G20450	7.217222	2.7548378	5.306017421000434e-13	6.132998136187789e-11
532	Epidermis	AT1G15740	7.2153573	3.1371977	5.379260075922348e-13	6.173559329686201e-11
533	Epidermis	AT3G62190	7.1899614	2.70718	6.480955674077327e-13	7.385551036473191e-11
534	Epidermis	AT4G37520	7.155957	2.2155116	8.309098730949023e-13	9.402645850644553e-11
535	Epidermis	AT1G06983	7.140605	5.9906297	9.292088199872073e-13	1.0441984114606242e-10
536	Epidermis	AT5G44480	7.107749	2.390169	1.1795100378404506e-12	1.3073172213927516e-10
537	Epidermis	AT2G40000	7.1017227	2.0807092	1.2321125873226578e-12	1.3563296522486564e-10
538	Epidermis	AT4G36500	7.1007185	2.4876168	1.241100680977724e-12	1.3569926499717248e-10
539	Epidermis	AT1G80380	7.0800576	3.5100925	1.4409460497812584e-12	1.5649254347355922e-10
540	Epidermis	AT4G29905	7.067862	4.2708697	1.5733896645093898e-12	1.6973727700727298e-10
541	Epidermis	AT5G47730	7.040745	2.0103562	1.9121518339662383e-12	2.0491682766385208e-10
542	Epidermis	AT3G21070	7.026253	1.9858222	2.1215307540943285e-12	2.2585928067601595e-10
543	Epidermis	AT4G17340	7.0248184	3.0727875	2.1434456475648417e-12	2.2670089848950503e-10
544	Epidermis	AT3G16400	6.949493	3.3399253	3.6660204544448385e-12	3.8521781164822324e-10
545	Epidermis	AT3G54500	6.9470534	1.9126097	3.729940321914242e-12	3.8940576960784694e-10
546	Epidermis	AT2G02960	6.89698	1.7226083	5.3119721401627845e-12	5.510149562315011e-10
1068	Pericycle	AT4G34600	11.809191	6.215917	3.499114343347129e-32	5.662266830404323e-28
1069	Pericycle	AT3G62040	11.19101	9.820457	4.5126078768508427e-29	3.6511510331600166e-25
1070	Pericycle	AT4G33420	10.658427	6.7840424	1.5926720877975594e-26	8.590873241580035e-23
1071	Pericycle	AT1G31050	10.574796	7.308507	3.900281495223081e-26	1.5778588788924973e-22
1072	Pericycle	AT5G59780	10.363421	8.557412	3.637131139886093e-25	1.1771211221127352e-21
1073	Pericycle	AT2G22860	9.861409	6.152437	6.118447042886192e-23	1.650145167466406e-19
1074	Pericycle	AT1G32450	9.253928	9.643907	2.1638973783665992e-20	5.0023124823897584e-17
1075	Pericycle	AT2G40900	8.999101	6.513103	2.2757339826420427e-19	4.603240913389191e-16
1076	Pericycle	AT3G46130	8.892323	9.439585	5.984474693150257e-19	1.0760085498284162e-15
1077	Pericycle	AT4G01450	8.58487	7.084721	9.093930114675665e-18	1.471579771156816e-14
1078	Pericycle	AT3G08040	8.370658	8.300964	5.72975943763981e-17	8.428997019989764e-14
1079	Pericycle	AT2G36120	8.099016	5.661826	5.540538512148237e-16	7.471416183631898e-13
1080	Pericycle	AT3G16340	7.7799907	3.0124753	7.252996057212021e-15	9.02830632290807e-12
1081	Pericycle	AT2G19110	7.7561893	5.2387743	8.751943304716171e-15	1.0115996182636935e-11
1082	Pericycle	AT4G09030	7.542632	2.5502706	4.6057967977517566e-14	4.658187736326183e-11
1083	Pericycle	AT2G30860	7.254395	3.7647622	4.0346053397210315e-13	3.84046962396269e-10
1084	Pericycle	AT2G36650	7.1869216	8.239835	6.626844161407886e-13	5.957532901105689e-10
1085	Pericycle	AT3G14990	6.9406104	3.5317864	3.904099567093349e-12	3.3250599576160302e-09
1086	Pericycle	AT2G25450	6.886675	4.1462874	5.711150802913242e-12	4.620892114637105e-09
1087	Pericycle	AT2G04800	6.856541	2.7134874	7.054778051771347e-12	5.189109928807452e-09
1088	Pericycle	AT2G41480	6.7554398	8.3318	1.4240253493330039e-11	1.0018947044742029e-08
1089	Pericycle	AT1G15380	6.689276	5.8873396	2.2427669449814506e-11	1.512185612653743e-08
1090	Pericycle	AT3G11930	6.539044	7.0846334	6.191332584776183e-11	4.007525755473928e-08
1091	Pericycle	AT3G47510	6.388593	5.285543	1.67418876700697e-10	1.0419893318348764e-07
1092	Pericycle	AT4G15340	6.3820424	4.842615	1.747417091074395e-10	1.047285309917254e-07
1093	Pericycle	AT3G23430	6.356494	5.4622025	2.064104823174596e-10	1.1929051517361184e-07
1094	Pericycle	AT5G47720	6.1444654	5.3985276	8.023332412799106e-10	4.188179519481134e-07
1095	Pericycle	AT1G09932	5.824348	3.672143	5.733605786826558e-09	2.8115517831038594e-06
1096	Pericycle	AT4G04830	5.78679	4.4781423	7.174430964724658e-09	3.4146071138580712e-06
1097	Pericycle	AT5G14880	5.72281	4.249542	1.0477650602893043e-08	4.84426691588615e-06
1098	Pericycle	AT4G30460	5.71211	5.5611506	1.115838121235088e-08	5.015692354951721e-06
1099	Pericycle	AT5G43180	5.64551	7.1192937	1.6469229328135184e-08	7.202839702375231e-06
1100	Pericycle	AT3G30875	5.6121006	6.20686	1.998850041787525e-08	8.511945099001508e-06
1101	Pericycle	AT5G64900	5.5164585	2.1769829	3.4589903222887846e-08	1.399334534881928e-05
1102	Pericycle	AT2G46650	5.4566274	4.558276	4.8526264445821517e-08	1.9152488079567897e-05
1103	Pericycle	AT3G02850	5.2336807	4.850211	1.6616729858012596e-07	5.845476577442605e-05
1104	Pericycle	AT4G24060	5.1579094	1.9316192	2.49722281845027e-07	8.246950948604546e-05
1105	Pericycle	AT2G28310	5.0823565	2.5813842	3.727808886067098e-07	0.00012064680678867556
1106	Pericycle	AT1G21050	5.025146	5.331951	5.030499848482547e-07	0.00015961480107479329
1107	Pericycle	AT3G11420	5.012699	2.713352	5.367173787197801e-07	0.00016702231966237466
1108	Pericycle	AT3G54390	4.999379	5.215596	5.751517250621565e-07	0.00017352868418600337
1109	Pericycle	AT1G44800	4.993265	5.412631	5.9366963634162e-07	0.00017466840100509266
1110	Pericycle	AT3G44260	4.917057	1.6235027	8.785493191844465e-07	0.0002494155277726792
1111	Pericycle	AT3G56240	4.8611565	1.0426087	1.1670186278920306e-06	0.00032559819718187653
1112	Pericycle	AT5G14200	4.797832	7.6055512	1.60392300575964e-06	0.00042971266012989883
1113	Pericycle	AT1G20450	4.792591	1.439909	1.646408659501528e-06	0.00042971266012989883
1114	Pericycle	AT2G43910	4.73145	3.4518888	2.2292162470028815e-06	0.0005654654836575824
1115	Pericycle	AT1G61340	4.730795	2.256557	2.2364226272454133e-06	0.0005654654836575824
1116	Pericycle	AT4G39260	4.6572075	2.6035264	3.205276673766297e-06	0.0007858755626497913
1117	Pericycle	AT4G36060	4.62489	7.014611	3.7479754385969918e-06	0.0008789817180779205
1118	Pericycle	AT4G12030	4.590607	7.849242	4.4195853353024575e-06	0.0010072919703642868
1119	Pericycle	AT1G75750	4.5635304	2.9754882	5.030053521138913e-06	0.0011305045288759706
1120	Pericycle	AT2G32150	4.4735656	1.6229943	7.692596506404884e-06	0.001659754622221918
1121	Pericycle	AT3G25190	4.4633026	5.896523	8.070596364379831e-06	0.0017183998732683476
1122	Pericycle	AT1G61660	4.43033	3.3901505	9.408898389193725e-06	0.0019272758700497829
1123	Pericycle	AT2G36950	4.424434	3.180726	9.669533627603627e-06	0.001955904914523524
1124	Pericycle	AT5G52882	4.4030347	2.8143995	1.0674699687335316e-05	0.002132567781980989
1125	Pericycle	AT1G21440	4.3897147	6.999916	1.1349939433849086e-05	0.0022398136575432427
1126	Pericycle	AT4G30450	4.3783603	6.2488494	1.1957568015474648e-05	0.0023035400669810806
1127	Pericycle	AT5G62680	4.2857747	4.482715	1.82103289030453e-05	0.003348631162603171
1128	Pericycle	AT5G13740	4.245378	3.5043998	2.182251189368594e-05	0.003967774016445234
1129	Pericycle	AT5G61600	4.2359886	2.668218	2.2754834902312673e-05	0.0040913193154358185
1130	Pericycle	AT3G61850	4.2213583	2.778158	2.4283450727387557e-05	0.004233515639928101
1131	Pericycle	AT1G76040	4.1305203	3.3153973	3.6194341093765306e-05	0.006101008620617815
1132	Pericycle	AT2G02130	4.1176367	3.4655392	3.827772965638818e-05	0.006385672384532717
1133	Pericycle	AT4G27280	4.0822625	1.7097716	4.459941859597166e-05	0.007217077917200134
1134	Pericycle	AT4G23980	4.0763664	2.1580927	4.5744889208634216e-05	0.007329146506674444
1135	Pericycle	AT5G54940	4.070034	1.3766632	4.7006261978170816e-05	0.0074574052091250995
1136	Pericycle	AT2G23810	4.0630465	1.8238255	4.843637240088379e-05	0.007513789706646209
1137	Pericycle	AT4G13430	4.049945	3.3186867	5.1229705743231433e-05	0.007820746210726141
1138	Pericycle	AT4G39950	4.0296373	3.9929895	5.5862990141253386e-05	0.008448363611829554
1139	Pericycle	AT1G80050	3.9946995	4.4486976	6.477636704267047e-05	0.00953953794046598
1140	Pericycle	AT5G44350	3.9922974	4.011188	6.543620760052675e-05	0.00953953794046598
1141	Pericycle	AT5G39670	3.9508088	4.2766967	7.788750849401538e-05	0.010865307434915145
1142	Pericycle	AT1G67080	3.9398909	2.6195197	8.151870354395451e-05	0.011179115769053153
1143	Pericycle	AT1G17380	3.9272258	3.941622	8.593127794127022e-05	0.011685209576854073
1144	Pericycle	AT1G27030	3.9226403	1.7097765	8.758386900518147e-05	0.011713075770593774
1145	Pericycle	AT1G71880	3.9156528	4.595692	9.015995094946513e-05	0.011958756772657743
1146	Pericycle	AT4G31500	3.8824618	3.2052155	0.00010340425617387384	0.013339832763779775
1147	Pericycle	AT4G25810	3.88137	2.4896843	0.00010386966556891926	0.013339832763779775
1148	Pericycle	AT1G11580	3.8752558	2.3592606	0.00010651270571065121	0.013571563809525653
1149	Pericycle	AT3G61640	3.854075	1.7112707	0.00011616804771150288	0.014426991021472305
1150	Pericycle	AT2G16990	3.8510177	4.4944816	0.00011762794373633085	0.014426991021472305
1151	Pericycle	AT4G01440	3.8501444	7.0368576	0.0001180482240344981	0.014426991021472305
1152	Pericycle	AT1G48600	3.8490527	2.4358647	0.00011857556580495716	0.014426991021472305
1153	Pericycle	AT5G60890	3.8261247	2.2963274	0.0001301764001195122	0.015720257512939897
1154	Pericycle	AT5G59730	3.7872562	1.9184916	0.00015231993241701368	0.018258082565719373
1155	Pericycle	AT3G29000	3.7780852	2.2260182	0.0001580388317441348	0.018804296877085215
1156	Pericycle	AT5G51190	3.7678223	3.5199924	0.000164677922794798	0.019171353573132526
1157	Pericycle	AT5G10580	3.7621448	9.349199	0.00016846245762375036	0.01919760203709527
1158	Pericycle	AT5G52870	3.7154155	4.8189874	0.00020287004256797994	0.022679434306876637
1159	Pericycle	AT2G29060	3.7149787	3.3408556	0.00020322073751681573	0.022679434306876637
1160	Pericycle	AT1G74100	3.71214	2.6124604	0.00020551417302418795	0.02277829005395486
1161	Pericycle	AT5G23020	3.6215203	7.8908076	0.00029287692457355906	0.03138632048641942
1162	Pericycle	AT5G43620	3.6086369	1.55698	0.0003078100746367474	0.0325554420115807
1163	Pericycle	AT2G05830	3.6031778	2.5854917	0.0003143502621888834	0.033031272355457865
1164	Pericycle	AT2G41100	3.5907314	2.2028909	0.00032975147655333524	0.03407303688338036
1165	Pericycle	AT4G08290	3.583307	9.572657	0.0003392714662054337	0.03474741054516663
1166	Pericycle	AT3G25780	3.5450938	1.8168894	0.0003924734034559956	0.038821996442841754
1167	Pericycle	AT5G60580	3.5219476	4.1212807	0.0004283889594265506	0.04176018157494242
1168	Pericycle	AT3G30122	3.5143049	2.6124604	0.0004409064755787039	0.04246874159413444
1169	Pericycle	AT2G22850	3.5020766	4.3639865	0.00046164680523164424	0.04420336451040514
1170	Pericycle	AT3G53100	3.4931238	2.631891	0.00047740507064375953	0.04544334619504304
1171	Pericycle	AT3G11280	3.4706326	2.8132005	0.0005192338479672483	0.048446042940033816
1172	Pericycle	AT4G22212	3.4697592	2.3151798	0.0005209251929035895	0.048446042940033816
1173	Procambium	AT1G62480	7.0954533	3.400545	1.2892818441171274e-12	1.8966508001366688e-09
1174	Procambium	AT1G12080	6.2353654	5.743291	4.5072473817232334e-10	2.3407455431266112e-07
1175	Procambium	AT4G34050	5.7107224	2.5556362	1.1249744383262554e-08	3.569477717842248e-06
1176	Procambium	AT1G63420	5.237185	4.0681767	1.630442275294907e-07	3.817509028291285e-05
1177	Procambium	AT4G24060	4.9994197	2.1702502	5.750318414690201e-07	0.00011211042480303233
1178	Procambium	AT1G32100	4.971511	3.6090453	6.643309205463722e-07	0.0001242605746414409
1179	Procambium	AT5G24800	4.797899	4.0853333	1.6033886182282368e-06	0.0002594603462016933
1180	Procambium	AT2G44160	4.733021	2.1144361	2.212030751710959e-06	0.0003404145391415662
1181	Procambium	AT2G02130	4.703119	2.6598766	2.5621743501334493e-06	0.0003769191393987225
1182	Procambium	AT1G33470	4.259664	2.9174678	2.047343111814958e-05	0.0020968421667968136
1183	Procambium	AT3G59680	4.1300893	3.371952	3.626225789894975e-05	0.00347216483621778
1184	Procambium	AT1G75500	4.0991	3.8282568	4.14760001436661e-05	0.003850267716430716
1185	Procambium	AT2G31900	4.0342216	5.076197	5.478355368133219e-05	0.0047845929558163365
1186	Procambium	AT5G54980	4.0333157	4.0715814	5.499532133122226e-05	0.0047845929558163365
1187	Procambium	AT1G77690	3.9925404	4.287203	6.536920955754977e-05	0.005445411718598616
1188	Procambium	AT1G15950	3.9894595	2.6463902	6.622401626837323e-05	0.005467535873749059
1189	Procambium	AT5G17920	3.8644152	1.2583274	0.00011135569149770748	0.0084203635505416
1190	Procambium	AT2G29890	3.7901134	2.775624	0.00015057851845216247	0.010640443605209141
1191	Procambium	AT5G44530	3.7382834	3.3984683	0.00018528100828924148	0.012750166880461728
1192	Procambium	AT5G67600	3.6625319	2.1796405	0.0002497346478038971	0.016295185769204287
1193	Procambium	AT1G75750	3.6146889	3.0633228	0.0003007085823798859	0.01893411003918799
1194	Procambium	AT3G50660	3.5097604	2.8663988	0.0004485108579940037	0.026488331036711558
1195	Procambium	AT3G56480	3.505411	2.5477307	0.0004559030586272797	0.026669582223733293
1196	Procambium	AT5G24580	3.4312904	3.2440536	0.0006007171621886387	0.03387040110988345
1197	Procambium	AT3G59690	3.3789167	3.273898	0.0007277204594702977	0.03951668615821596
1198	Procambium	AT2G07680	3.3713052	3.7072854	0.0007481288993367222	0.04027295857265998
1199	Procambium	AT1G77020	3.32165	4.202518	0.0008948685863567672	0.046117081096895565
1200	Procambium	AT2G44300	3.3176632	6.056176	0.0009077389889644656	0.046631848633088835
1201	Procambium	AT3G12090	3.3058836	2.2666864	0.000946774222637443	0.048006601501531826
1202	Procambium	AT5G16600	3.2970035	3.550807	0.0009772224884588925	0.049109982323732294
1203	Root cap	AT5G26260	15.897074	12.956708	6.639434224992696e-57	1.074393246288318e-52
1204	Root cap	AT3G16420	13.471168	5.331644	2.3118169451492264e-41	1.870491090320239e-37
1205	Root cap	AT3G16460	13.011739	8.150418	1.0492739854186935e-38	5.659783877348433e-35
1206	Root cap	AT1G66270	12.209426	7.523447	2.768354051337151e-34	1.1199376314684443e-30
1207	Root cap	AT1G66280	12.156378	7.2818065	5.305958675367203e-34	1.7172204656958417e-30
1208	Root cap	AT1G36060	11.759481	8.038866	6.312073224881458e-32	1.7023661487505293e-28
1209	Root cap	AT3G15950	11.696788	5.1416492	1.3236912659345228e-31	3.059996009336064e-28
1210	Root cap	AT5G26290	11.532822	4.549987	9.014038609437322e-31	1.8233146597239343e-27
1211	Root cap	AT3G23510	10.870685	4.394203	1.5900357301518223e-27	2.8588842428129766e-24
1212	Root cap	AT2G47140	10.476842	5.511361	1.103673743444699e-25	1.785964851642212e-22
1213	Root cap	AT2G22970	10.404182	3.671862	2.3728401974819936e-25	3.199775006304469e-22
1214	Root cap	AT4G10380	10.278475	9.683208	8.811111500711334e-25	1.096780048496237e-21
1215	Root cap	AT3G20370	10.222533	4.5980296	1.5717926884017225e-24	1.8167678059797624e-21
1216	Root cap	AT4G30290	9.929964	4.7489743	3.0836541102207286e-23	3.326646054106122e-20
1217	Root cap	AT3G16410	9.9219265	4.4542646	3.342403317925343e-23	3.3804231556667437e-20
1218	Root cap	AT5G41080	9.864538	6.815569	5.930656784978504e-23	5.645287534971891e-20
1219	Root cap	AT2G39450	9.286635	4.3194165	1.5924247790949908e-20	1.4315898764063966e-17
1220	Root cap	AT5G07440	9.010785	4.290589	2.045862343988668e-19	1.6553072225212316e-16
1221	Root cap	AT5G38200	8.941502	4.3461423	3.8391885429184524e-19	2.958369000071733e-16
1222	Root cap	AT1G78380	8.672081	2.8784506	4.2429331576428395e-18	2.9851801894337577e-15
1223	Root cap	AT5G45280	8.4623	4.8238745	2.621553055867531e-17	1.7675821479186828e-14
1224	Root cap	AT1G78040	8.376619	2.5758421	5.446974632774853e-17	3.525717740302507e-14
1225	Root cap	AT3G48260	8.317302	5.865977	8.998846756674964e-17	5.600743777558241e-14
1226	Root cap	AT2G29420	8.3083	2.3934436	9.708315293014761e-17	5.818516965613513e-14
1227	Root cap	AT1G17060	8.274702	4.039826	1.287767737222552e-16	7.442377687048335e-14
1228	Root cap	AT2G18980	8.241426	5.6103787	1.7016898446462754e-16	9.495429333126216e-14
1229	Root cap	AT3G23050	8.106556	3.04153	5.207471746715994e-16	2.808910260178607e-13
1230	Root cap	AT4G21850	7.941946	3.330706	1.990334328166801e-15	1.0389545193030701e-12
1231	Root cap	AT1G66800	7.923299	2.136184	2.3129072361202496e-15	1.1696082779655585e-12
1232	Root cap	AT5G60950	7.8546576	4.4786267	4.008649797982851e-15	1.9656960918472273e-12
1233	Root cap	AT2G25220	7.839226	4.1742053	4.533332431500199e-15	2.157599570780477e-12
1234	Root cap	AT3G29250	7.7797475	3.2814705	7.26694643999677e-15	3.3598207797722208e-12
1235	Root cap	AT2G45400	7.752098	3.617846	9.038648844239112e-15	4.0628726554854805e-12
1236	Root cap	AT4G19030	7.741328	7.2401185	9.838390528053685e-15	4.302833392566614e-12
1237	Root cap	AT2G43610	7.6360354	5.726873	2.2401294064109046e-14	9.539414224879277e-12
1238	Root cap	AT5G06860	7.627194	2.7724729	2.399185265088021e-14	9.954773322988295e-12
1239	Root cap	AT5G16560	7.37192	3.3566778	1.681879765139753e-13	6.804044589872871e-11
1240	Root cap	AT5G65690	7.3291597	3.6453156	2.315997965778457e-13	8.923209305292141e-11
1241	Root cap	AT2G46740	7.209239	3.306531	5.626539833613612e-13	2.1174108741287316e-10
1242	Root cap	AT5G26667	7.1084476	2.6478376	1.173553878239995e-12	4.3160111040180905e-10
1243	Root cap	AT1G60787	6.9878836	3.3439918	2.790634482083722e-12	1.0035121597573063e-09
1244	Root cap	AT4G25400	6.9700403	2.0387049	3.168502121885179e-12	1.1146239420944776e-09
1245	Root cap	AT1G70410	6.9239044	2.465304	4.393621249024807e-12	1.4559214145438695e-09
1246	Root cap	AT4G33120	6.9234223	2.3913403	4.408611377620171e-12	1.4559214145438695e-09
1247	Root cap	AT1G41830	6.880823	3.5927804	5.950774871283622e-12	1.9259087793422313e-09
1248	Root cap	AT1G26700	6.866677	6.2765384	6.571469883987713e-12	2.0850887384841014e-09
1249	Root cap	AT1G74500	6.729877	3.187746	1.698065622923811e-11	5.284249598106367e-09
1250	Root cap	AT1G33750	6.705443	4.6295924	2.0079664483396928e-11	6.130738314534511e-09
1251	Root cap	AT4G01950	6.5196137	3.7867064	7.04887560317516e-11	2.1123130557514894e-08
1252	Root cap	AT1G54000	6.4723525	1.882763	9.648868866136096e-11	2.838872654396624e-08
1253	Root cap	AT4G16380	6.4139996	1.9805293	1.417505954709524e-10	3.954841613639572e-08
1254	Root cap	AT3G48340	6.3992105	6.661265	1.5618249339064076e-10	4.212241846745581e-08
1255	Root cap	AT2G43880	6.392459	6.2272725	1.6323918518143652e-10	4.330387696075419e-08
1256	Root cap	AT1G23490	6.3770266	1.9365015	1.8055904823169346e-10	4.7125911588471994e-08
1257	Root cap	AT2G30340	6.3577366	4.171687	2.0474839019942712e-10	5.2591086511224285e-08
1258	Root cap	AT5G14750	6.3186736	4.7699385	2.6381761051210703e-10	6.670463395792055e-08
1259	Root cap	AT4G23010	6.2559805	2.4305112	3.950261185125889e-10	9.834327153493406e-08
1260	Root cap	AT4G13050	6.2526045	3.1463423	4.0366293252332615e-10	9.897081172867371e-08
1261	Root cap	AT2G47730	6.2468176	2.4335444	4.188996535884673e-10	1.0090336180555791e-07
1262	Root cap	AT3G54810	6.244406	2.5915544	4.25412691368838e-10	1.0090336180555791e-07
1263	Root cap	AT4G23470	6.242638	1.9638381	4.3025163543341346e-10	1.0090336180555791e-07
1264	Root cap	AT3G07010	6.2254376	2.9200463	4.802136336472069e-10	1.1101167170970146e-07
1265	Root cap	AT5G36880	6.2027717	2.6454403	5.547731687363175e-10	1.2644140023226886e-07
1266	Root cap	AT1G58190	6.155993	2.373187	7.460859774300818e-10	1.676828234274109e-07
1267	Root cap	AT5G64740	6.137346	1.7149928	8.391169938345597e-10	1.860080985511075e-07
1268	Root cap	AT2G47270	6.1236815	3.3363752	9.143746881974485e-10	1.974847209635276e-07
1269	Root cap	AT5G10830	6.092978	2.7611718	1.1082922939857935e-09	2.3291410261400144e-07
1270	Root cap	AT3G54770	6.0883164	2.3357127	1.1410427887209193e-09	2.3672249239848607e-07
1271	Root cap	AT3G23470	6.056005	1.5420632	1.395435189769324e-09	2.8583458532717973e-07
1272	Root cap	AT2G47320	5.993312	1.971528	2.0560990756759406e-09	4.123909157240015e-07
1273	Root cap	AT4G27870	5.992669	2.4180565	2.0642481877174714e-09	4.123909157240015e-07
1274	Root cap	AT1G19835	5.982381	2.1244872	2.1989941058003833e-09	4.3127118947015717e-07
1275	Root cap	AT4G14880	5.981416	2.532809	2.2120571453481056e-09	4.3127118947015717e-07
1276	Root cap	AT3G23560	5.9733787	2.2726207	2.323895795893034e-09	4.4768192582310807e-07
1277	Root cap	AT1G31950	5.962769	2.860985	2.4799877485684377e-09	4.72131314674523e-07
1278	Root cap	AT5G14020	5.945247	2.9087887	2.760400731533014e-09	5.134345360651406e-07
1279	Root cap	AT3G56000	5.9196877	4.0936785	3.2255375036098907e-09	5.864679537462388e-07
1280	Root cap	AT1G65985	5.8881803	3.2346299	3.9047119715538924e-09	6.868048817791857e-07
1281	Root cap	AT3G52360	5.8823934	2.1084576	4.043763891881861e-09	7.036149171874439e-07
1282	Root cap	AT1G80460	5.8785353	2.2591817	4.139130325561923e-09	7.125468822153514e-07
1283	Root cap	AT3G54960	5.874838	3.748917	4.232575289361047e-09	7.209635087625312e-07
1284	Root cap	AT3G53480	5.8684077	2.3899846	4.4000012637057674e-09	7.416752130134035e-07
1285	Root cap	AT1G52910	5.835132	2.8865733	5.374796611724582e-09	8.966490594940946e-07
1286	Root cap	AT2G39040	5.7941403	7.7815013	6.867200340043079e-09	1.133928937781399e-06
1287	Root cap	AT4G37590	5.74913	1.7394251	8.97039066717524e-09	1.4515886177622974e-06
1288	Root cap	AT3G05920	5.7293572	3.6091068	1.0081181101730979e-08	1.615184877110997e-06
1289	Root cap	AT5G44585	5.7208376	3.5328739	1.0600022801891201e-08	1.6816624409823863e-06
1290	Root cap	AT4G01480	5.701869	3.7408772	1.1850102193634284e-08	1.8617315892950485e-06
1291	Root cap	AT5G59290	5.683222	2.3358579	1.3218082843799094e-08	2.0566828517149706e-06
1292	Root cap	AT3G04120	5.6718082	2.1292	1.4129811949482041e-08	2.1776058758716036e-06
1293	Root cap	AT1G76880	5.666825	1.4256405	1.4546786654339514e-08	2.2207179400049247e-06
1294	Root cap	AT3G15810	5.6486597	1.6767527	1.617033716799424e-08	2.445499028527877e-06
1295	Root cap	AT2G38750	5.6197248	1.6705852	1.9126209402384784e-08	2.784038930881046e-06
1296	Root cap	AT3G16430	5.6184387	2.0191917	1.9269086655461447e-08	2.784038930881046e-06
1297	Root cap	AT5G02260	5.5925574	3.2598455	2.2374897840972513e-08	3.165982995036128e-06
1298	Root cap	AT1G63220	5.591593	2.7909803	2.2499570166181854e-08	3.165982995036128e-06
1299	Root cap	AT4G15760	5.585806	1.706024	2.326188630560226e-08	3.2450331396315155e-06
1300	Root cap	AT4G30170	5.575357	2.7429938	2.470226386736223e-08	3.416513110270561e-06
1301	Root cap	AT3G23530	5.571338	2.5719316	2.527899435023866e-08	3.466649886233576e-06
1302	Root cap	AT1G30270	5.569088	1.8321842	2.5607649266361303e-08	3.4822099195651984e-06
1303	Root cap	AT4G03190	5.52038	2.2465835	3.382674483563724e-08	4.561536541085681e-06
1304	Root cap	AT1G05660	5.4850144	5.4825397	4.134354335473196e-08	5.483780480051414e-06
1305	Root cap	AT2G01830	5.4363065	2.4010146	5.4396286897679825e-08	7.0419257166260395e-06
1306	Root cap	AT2G34560	5.431002	1.9565096	5.603853706556392e-08	7.196949260277424e-06
1307	Root cap	AT2G25980	5.407211	4.418225	6.401384885366114e-08	8.156473245275154e-06
1308	Root cap	AT3G59220	5.4012628	1.2355434	6.617339517717462e-08	8.365764693414371e-06
1309	Root cap	AT4G36640	5.3877597	1.4472666	7.134136796492086e-08	8.880353972371918e-06
1310	Root cap	AT1G73280	5.3620396	2.775034	8.228760794570181e-08	1.0164718105170586e-05
1311	Root cap	AT5G48560	5.338891	2.139068	9.351680138049581e-08	1.1464309696508964e-05
1312	Root cap	AT5G63800	5.3314967	3.3421545	9.740670160059606e-08	1.1851392821810867e-05
1313	Root cap	AT5G46900	5.328603	4.9447036	9.897108567495682e-08	1.1951866480538442e-05
1314	Root cap	AT2G46140	5.3269954	3.592387	9.985066791592109e-08	1.1968766727521742e-05
1315	Root cap	AT4G24160	5.305776	1.920643	1.1219454522530676e-07	1.3349500962028781e-05
1316	Root cap	AT3G10720	5.3003106	6.304444	1.156058180132099e-07	1.3654987934961769e-05
1317	Root cap	AT4G14550	5.2874503	2.7445107	1.2403292130013147e-07	1.454420820636759e-05
1318	Root cap	AT3G46280	5.2795734	5.9264894	1.2948483094199917e-07	1.5074270030959932e-05
1319	Root cap	AT3G06300	5.2602835	2.7797756	1.4383353114826254e-07	1.6625101436008462e-05
1320	Root cap	AT1G27140	5.250156	7.85708	1.5197041401987022e-07	1.7441030068578298e-05
1321	Root cap	AT5G14030	5.2252393	1.8891363	1.7392982267459577e-07	1.9682044688953207e-05
1322	Root cap	AT1G17190	5.2212205	1.6804836	1.7774754132067276e-07	1.9974379955910602e-05
1323	Root cap	AT5G48110	5.2027345	1.3470044	1.9637759297592668e-07	2.160193774343751e-05
1324	Root cap	AT5G24850	5.201609	1.9769166	1.9757055901796758e-07	2.160193774343751e-05
1325	Root cap	AT1G04040	5.1942143	4.02918	2.0558611068602585e-07	2.2327479484035374e-05
1326	Root cap	AT4G14750	5.1832833	3.2084212	2.1801353221640917e-07	2.3519299855506222e-05
1327	Root cap	AT3G21680	5.151133	3.4865696	2.589176259654993e-07	2.774705313492523e-05
1328	Root cap	AT1G15110	5.147275	1.9423816	2.6429793221260513e-07	2.813729696752879e-05
1329	Root cap	AT1G63010	5.1442204	2.2243257	2.6863377085977985e-07	2.841197176505201e-05
1330	Root cap	AT1G04250	5.140684	2.4679525	2.737400644567349e-07	2.876403716259016e-05
1331	Root cap	AT1G53830	5.138755	6.956068	2.765646966544483e-07	2.8873354330724402e-05
1332	Root cap	AT1G78340	5.1279845	1.9383154	2.928603471365553e-07	3.0378629085664982e-05
1333	Root cap	AT2G20760	5.0963163	1.6885002	3.4632591779201627e-07	3.546991140323043e-05
1334	Root cap	AT5G56320	5.0937443	4.1172767	3.510598379448986e-07	3.550531436015219e-05
1335	Root cap	AT1G14240	5.071561	3.1078084	3.9456632308898e-07	3.965759155419798e-05
1336	Root cap	AT4G21830	5.0660954	2.4998245	4.060589860667109e-07	4.0560780941552566e-05
1337	Root cap	AT1G63000	5.047609	1.9460598	4.4737425759845064e-07	4.425427239099614e-05
1338	Root cap	AT1G69780	5.0471263	3.42587	4.485045527205145e-07	4.425427239099614e-05
1339	Root cap	AT4G01770	5.0231743	4.0085115	5.082435108663027e-07	4.98448272293243e-05
1340	Root cap	AT1G35320	5.01803	2.3960161	5.220393133716446e-07	5.088939860831297e-05
1341	Root cap	AT1G28130	5.0127254	2.1080828	5.366441658949484e-07	5.199985564378476e-05
1342	Root cap	AT1G14685	4.991828	2.0315309	5.981057003704556e-07	5.7610395496397106e-05
1343	Root cap	AT5G40230	4.9874873	2.3954055	6.116957765278619e-07	5.857077547795184e-05
1344	Root cap	AT1G69810	4.9694834	2.039656	6.713155699815341e-07	6.390134443200697e-05
1345	Root cap	AT2G04170	4.9654646	3.5759685	6.853683362569868e-07	6.48574878205296e-05
1346	Root cap	AT1G68140	4.9611244	2.3625329	7.008636244205458e-07	6.593822773472832e-05
1347	Root cap	AT3G62290	4.952122	1.4808758	7.340852397898795e-07	6.866455115768688e-05
1348	Root cap	AT1G13590	4.9447274	5.168574	7.625044936725505e-07	7.091291791154719e-05
1349	Root cap	AT1G27330	4.9434414	2.124088	7.675539639939571e-07	7.097461854485836e-05
1350	Root cap	AT1G70790	4.9194894	2.7351112	8.677024295325751e-07	7.932859160845272e-05
1351	Root cap	AT5G61440	4.899556	1.9861873	9.605336198363197e-07	8.732221930444566e-05
1352	Root cap	AT3G16240	4.895698	3.4595368	9.795731605754373e-07	8.855560270632248e-05
1656	Root hair	AT4G25820	9.785243	12.840417	1.3028205485651865e-22	2.1082242116881845e-18
1657	Root hair	AT3G60330	9.636243	9.843574	5.620756610503066e-22	4.54775417355803e-18
1658	Root hair	AT5G01050	8.995452	7.029544	2.352623984586948e-19	8.459919688876729e-16
1659	Root hair	AT1G50930	8.990577	8.524733	2.4593669699854866e-19	8.459919688876729e-16
1660	Root hair	AT3G13782	8.983873	7.6686773	2.613990757902833e-19	8.459919688876729e-16
1661	Root hair	AT5G67400	8.8997755	9.533308	5.595999729522085e-19	1.5092411270521063e-15
1662	Root hair	AT1G07610	8.572828	12.511795	1.009739493205626e-17	2.3342292112933487e-14
1663	Root hair	AT3G21070	8.472886	6.722033	2.3938753927261307e-17	4.8422114506367803e-14
1664	Root hair	AT5G63270	8.389092	9.316565	4.8991021773217545e-17	8.808585714824514e-14
1665	Root hair	AT4G00680	8.23217	8.982457	1.8385205250776446e-16	2.975093913680645e-13
1666	Root hair	AT5G44020	8.153861	6.997332	3.5248521395499986e-16	5.185377938381644e-13
1667	Root hair	AT3G62680	8.068239	10.906564	7.131896866650072e-16	9.033960721645988e-13
1668	Root hair	AT1G45145	8.066107	5.634984	7.257538584933744e-16	9.033960721645988e-13
1669	Root hair	AT5G40860	8.055442	9.7543335	7.919205836135107e-16	9.153470631452736e-13
1670	Root hair	AT1G12560	8.04691	11.040591	8.491030341753297e-16	9.160123532683457e-13
1671	Root hair	AT5G58010	8.014003	7.7848945	1.1103451074162434e-15	1.122975283013103e-12
1672	Root hair	AT2G03720	7.8354464	9.18897	4.671803690422366e-15	4.4086066576889906e-12
1673	Root hair	AT5G57625	7.8293524	10.16088	4.903900620343705e-15	4.4086066576889906e-12
1674	Root hair	AT1G48930	7.8022337	8.025666	6.08209197741146e-15	5.180021704130118e-12
1675	Root hair	AT4G00460	7.6114893	6.2884755	2.7095528230049643e-14	2.192299189093317e-11
1676	Root hair	AT4G34580	7.495093	6.8714995	6.625154726208089e-14	5.1051549418809186e-11
1677	Root hair	AT1G12880	7.3662033	4.299196	1.7555624546331578e-13	1.29129598367608e-10
1678	Root hair	AT4G40010	7.3299437	8.078892	2.3024987831758726e-13	1.6199580569283465e-10
1679	Root hair	AT5G19560	7.317755	9.709354	2.5215309510812854e-13	1.7001422437665568e-10
1680	Root hair	AT3G54580	7.300692	6.3143134	2.8629159490121034e-13	1.8531082354765542e-10
1681	Root hair	AT3G28550	7.253158	5.5444555	4.071640286827618e-13	2.534126273901712e-10
1682	Root hair	AT5G17820	7.2403607	4.9506917	4.474931213373432e-13	2.6819754405484765e-10
1683	Root hair	AT5G17390	7.208367	7.115058	5.662691990605157e-13	3.272631492570452e-10
1684	Root hair	AT4G37070	7.0566244	5.3888826	1.7059573389008488e-12	9.519241951066736e-10
1685	Root hair	AT3G19390	7.029201	5.1305065	2.0771919189920433e-12	1.1204373211043082e-09
1686	Root hair	AT1G30870	7.0157943	8.892803	2.2864622895494232e-12	1.1935333151447989e-09
1687	Root hair	AT5G22410	7.0045204	11.837808	2.4783352213882675e-12	1.2205861510110193e-09
1688	Root hair	AT5G26260	7.003911	8.389907	2.48914491307401e-12	1.2205861510110193e-09
1689	Root hair	AT1G09932	6.9737453	6.1129746	3.0861271795646378e-12	1.4688150005798521e-09
1690	Root hair	AT5G10030	6.858872	4.1048145	6.940634927421242e-12	3.208952982729444e-09
1691	Root hair	AT5G23030	6.7991505	9.743681	1.0523803132346324e-11	4.490965653064103e-09
1692	Root hair	AT5G44610	6.7991505	5.0386796	1.0523803132346324e-11	4.490965653064103e-09
1693	Root hair	AT1G62980	6.7826962	8.518695	1.1795346637645366e-11	4.894161520266085e-09
1694	Root hair	AT3G54870	6.776907	7.289019	1.2277595464378304e-11	4.9669012451142435e-09
1695	Root hair	AT4G15230	6.7619762	5.1770935	1.3612185650575781e-11	5.372497273112617e-09
1696	Root hair	AT5G61650	6.726326	7.892193	1.740003321827741e-11	6.703984227099169e-09
1697	Root hair	AT3G26690	6.708044	5.811489	1.9725054896236417e-11	7.423042751881342e-09
1698	Root hair	AT1G01780	6.7007313	5.7207603	2.0737940965125233e-11	7.62684910676492e-09
1699	Root hair	AT4G26010	6.6519785	6.4489746	2.8917891084002763e-11	1.0398873633807393e-08
1700	Root hair	AT2G21880	6.6379623	4.6808863	3.1804946292608144e-11	1.1188426976238803e-08
1701	Root hair	AT2G47650	6.628516	5.2695274	3.3907753693883905e-11	1.1674367452647433e-08
1702	Root hair	AT2G41970	6.5535593	6.0878434	5.6181591336665244e-11	1.8940218979373272e-08
1703	Root hair	AT5G19800	6.528269	7.975139	6.653413962910917e-11	2.1972560152617238e-08
1704	Root hair	AT1G54410	6.516995	4.9943585	7.172984266149497e-11	2.3214646278966234e-08
1705	Root hair	AT3G05490	6.441124	4.756134	1.185920761153868e-10	3.762856815096449e-08
1706	Root hair	AT4G40090	6.367995	6.331103	1.9151514272235256e-10	5.959803922179056e-08
1707	Root hair	AT1G07590	6.310711	9.555562	2.777568258110201e-10	8.480492368441372e-08
1708	Root hair	AT4G22080	6.3006554	8.688111	2.9638934690806763e-10	8.881800762345093e-08
1709	Root hair	AT2G12400	6.2616534	4.2954087	3.8091648265357033e-10	1.1207255495091046e-07
1710	Root hair	AT1G34330	6.2330112	9.713476	4.575527564312398e-10	1.3221640543875577e-07
1711	Root hair	AT5G04960	6.2183857	8.044884	5.022957168290431e-10	1.4259911034609782e-07
1712	Root hair	AT1G08340	6.119662	5.504721	9.3774173173725e-10	2.616299431546928e-07
1713	Root hair	AT5G23990	6.11631	7.1696773	9.57669103810654e-10	2.6266104131972885e-07
1714	Root hair	AT1G75220	6.082488	3.5840037	1.1833176503080446e-09	3.1914077028807964e-07
1715	Root hair	AT5G51060	6.0791364	4.4370546	1.2083165531417829e-09	3.205406305400054e-07
1716	Root hair	AT3G54040	6.0605493	6.0176063	1.3565742251825243e-09	3.540658727726389e-07
1717	Root hair	AT3G05155	6.0334306	5.2335386	1.6051479388386195e-09	4.1229371343311973e-07
1718	Root hair	AT5G40730	6.0142345	4.0652456	1.807387859955664e-09	4.569867242156649e-07
1719	Root hair	AT2G30395	5.9926004	8.799759	2.065117279961015e-09	5.141188896050637e-07
1720	Root hair	AT5G23980	5.9886394	4.7397556	2.11603782213138e-09	5.188140005716665e-07
1721	Root hair	AT4G02270	5.9554267	8.133181	2.59394147526961e-09	6.264949395942213e-07
1722	Root hair	AT2G44110	5.948114	4.8257895	2.712499651562286e-09	6.397015361413863e-07
1723	Root hair	AT4G22070	5.9472	4.569555	2.7276854525865565e-09	6.397015361413863e-07
1724	Root hair	AT5G65930	5.884431	5.1084766	3.994261642081004e-09	9.233591698879258e-07
1725	Root hair	AT4G26690	5.851523	3.8262718	4.870923204749773e-09	1.1101588633698708e-06
1726	Root hair	AT1G79270	5.841163	3.1841307	5.183767019550133e-09	1.1650516376438925e-06
1727	Root hair	AT2G22970	5.822576	3.958014	5.794741952427335e-09	1.2845275927969744e-06
1728	Root hair	AT3G06420	5.812521	3.6557658	6.1539022683674664e-09	1.3423488142947832e-06
1729	Root hair	AT4G19200	5.810693	4.4845476	6.221490611303222e-09	1.3423488142947832e-06
1730	Root hair	AT2G02960	5.7771754	4.2999973	7.596515374385166e-09	1.6174580498460624e-06
1731	Root hair	AT2G01880	5.70039	3.6327298	1.19533640772137e-08	2.5120693181489884e-06
1732	Root hair	AT4G18640	5.6763186	4.8551984	1.3762447761391194e-08	2.8551785855747728e-06
1733	Root hair	AT5G65690	5.6607785	3.6658063	1.5068776013608936e-08	3.048036668152748e-06
1734	Root hair	AT3G07070	5.6467624	6.706944	1.634977160175121e-08	3.2663210377720756e-06
1735	Root hair	AT1G79970	5.6400585	4.417335	1.6999215933326822e-08	3.354650149184081e-06
1736	Root hair	AT2G29440	5.629394	3.6134079	1.808437364855637e-08	3.5257992094089058e-06
1737	Root hair	AT5G02350	5.600447	5.6363587	2.1379938724030476e-08	4.1186924813364425e-06
1738	Root hair	AT1G62660	5.5623593	3.2416599	2.661514561233953e-08	5.0668974858691556e-06
1739	Root hair	AT5G56170	5.54164	3.415137	2.9965260320360157e-08	5.583246990276661e-06
1740	Root hair	AT2G01450	5.5413346	3.0019417	3.00174569369713e-08	5.583246990276661e-06
1741	Root hair	AT2G46030	5.5334125	3.7893379	3.14059552460874e-08	5.77512690672939e-06
1742	Root hair	AT3G26440	5.523662	3.0424602	3.320057490178552e-08	6.036535989445992e-06
1743	Root hair	AT4G01480	5.496848	4.3531084	3.8663929914673076e-08	6.951774598658219e-06
1744	Root hair	AT4G22666	5.4648542	3.9040174	4.6328710393816485e-08	8.238364742777344e-06
1745	Root hair	AT2G44450	5.448096	5.1875377	5.091198077353125e-08	8.954974705187855e-06
1746	Root hair	AT1G12740	5.394163	4.8362308	6.884364407476423e-08	1.1978794069008977e-05
1747	Root hair	AT3G09925	5.3874598	6.6548123	7.146050032785537e-08	1.2301849109631443e-05
1748	Root hair	AT1G13950	5.3795376	3.4759352	7.467748354835225e-08	1.2720326723994063e-05
1749	Root hair	AT3G54590	5.34602	6.521729	8.990926549403097e-08	1.5155330564837596e-05
1750	Root hair	AT4G23470	5.3411446	2.6406949	9.236145706911448e-08	1.5408176271055778e-05
1751	Root hair	AT1G27740	5.3198156	5.534433	1.0387251400032168e-07	1.7151683893400057e-05
1752	Root hair	AT1G70450	5.283556	30.203526	1.2670021961980682e-07	2.0709726806946605e-05
1753	Root hair	AT5G65090	5.2661877	5.8547635	1.3928583738343375e-07	2.253923420538725e-05
1754	Root hair	AT5G54040	5.2543044	5.000482	1.4858502410480115e-07	2.3805968911523682e-05
1755	Root hair	AT3G07960	5.2512574	3.49559	1.5106449416114828e-07	2.3965937691330407e-05
1756	Root hair	AT1G22530	5.164417	3.3348444	2.4118967811613293e-07	3.789253758519673e-05
1757	Root hair	AT3G21510	5.1135316	4.5150986	3.161912008573042e-07	4.919813473339324e-05
1758	Root hair	AT1G01750	5.1031713	6.7926764	3.340081138690526e-07	5.147542189170486e-05
1759	Root hair	AT3G12977	5.091288	3.2655106	3.5563929021334933e-07	5.429202824747565e-05
1760	Root hair	AT2G36895	5.0858035	2.998389	3.66073155728545e-07	5.536257762616182e-05
1761	Root hair	AT2G22470	5.062646	3.0753047	4.1347735903686173e-07	6.195269096235644e-05
1762	Root hair	AT5G65210	5.059599	3.2692769	4.201393419154951e-07	6.237334707226185e-05
1763	Root hair	AT3G22750	5.037965	4.4080005	4.705075670717713e-07	6.90303859806668e-05
1764	Root hair	AT3G23190	5.036746	4.079654	4.735121025740956e-07	6.90303859806668e-05
1765	Root hair	AT1G33700	4.968188	5.170121	6.758146567411907e-07	9.764314978023169e-05
1766	Root hair	AT3G27100	4.9572186	2.4971037	7.150951597581138e-07	0.00010166513102880687
1767	Root hair	AT4G37530	4.956914	3.2421749	7.162170891907047e-07	0.00010166513102880687
1768	Root hair	AT1G62570	4.9358892	2.6175513	7.978634161773594e-07	0.00011226978957027851
1769	Root hair	AT1G51880	4.9325376	7.1339693	8.116814908270227e-07	0.00011322956797036967
1770	Root hair	AT5G49900	4.9301	2.5853767	8.218754712758844e-07	0.00011341368501150716
1771	Root hair	AT5G13150	4.928881	4.632899	8.270185904930073e-07	0.00011341368501150716
1772	Root hair	AT2G19450	4.927053	4.614403	8.347914308839299e-07	0.00011351760449213238
1773	Root hair	AT1G56220	4.9243107	3.5977244	8.46582754326569e-07	0.00011416168442093782
1774	Root hair	AT3G12540	4.8566666	6.8863935	1.193784241738808e-06	0.00015965137685799497
1775	Root hair	AT2G16720	4.8328996	3.1229603	1.3455865198540904e-06	0.00017847771364163024
1776	Root hair	AT5G43350	4.8298526	2.9821863	1.3663417616019619e-06	0.0001797572551727069
1777	Root hair	AT1G79910	4.8179693	5.3197675	1.450267911924263e-06	0.0001892599625061163
1778	Root hair	AT4G30560	4.7942023	5.355947	1.633234119952144e-06	0.00021143195623252476
1779	Root hair	AT1G61860	4.7902412	4.484027	1.6658099891974297e-06	0.00021393759718406992
1780	Root hair	AT4G02390	4.7804904	5.7640233	1.7486790577594932e-06	0.00022281200403672537
1781	Root hair	AT3G07880	4.767693	4.2948833	1.8634736433404698e-06	0.00023558383200418344
1782	Root hair	AT4G29180	4.7161984	7.9984436	2.4029232941430587e-06	0.0003014271685722711
1783	Root hair	AT5G14120	4.7085805	7.2214403	2.4944767068779213e-06	0.0003105047851592194
1784	Root hair	AT5G24140	4.705838	4.671255	2.5282484082479677e-06	0.0003122380433679791
1785	Root hair	AT1G62300	4.7037053	2.8951135	2.5548182714422236e-06	0.0003122380433679791
1786	Root hair	AT2G37450	4.702791	3.6108732	2.5662872183871723e-06	0.0003122380433679791
1787	Root hair	AT2G22290	4.7003536	7.3321424	2.5971131872935394e-06	0.0003136304895282392
1788	Root hair	AT5G02230	4.697916	1.5803479	2.6282943821104773e-06	0.0003150448866023092
1789	Root hair	AT3G61560	4.6942596	3.5786786	2.675740778552067e-06	0.00031837380351859963
1790	Root hair	AT5G24090	4.673235	3.0549104	2.9649210151415315e-06	0.00035020694793445444
1791	Root hair	AT3G04810	4.635452	3.4087	3.561586314402732e-06	0.0004176347082584421
1792	Root hair	AT1G54970	4.6336236	7.9615865	3.593200150213282e-06	0.000418310538350729
1793	Root hair	AT5G61550	4.6296625	5.754466	3.6626223429250907e-06	0.000423346819665813
1794	Root hair	AT1G43160	4.6217403	3.296879	3.805343959655945e-06	0.000436723942944344
1795	Root hair	AT5G05500	4.6186934	6.419012	3.861643954375115e-06	0.0004400642427443528
1796	Root hair	AT1G30640	4.5876136	3.5976238	4.48341855544461e-06	0.0005073474060433893
1797	Root hair	AT1G20440	4.556229	3.5202384	5.208016148746408e-06	0.0005852508147153776
1798	Root hair	AT3G25900	4.553487	3.6464617	5.276402172470229e-06	0.0005888464824476776
1799	Root hair	AT3G59340	4.5519633	4.9575634	5.3147650559266925e-06	0.0005890652611986695
1800	Root hair	AT5G15600	4.517227	4.2699027	6.265474192056846e-06	0.0006850534011882695
1801	Root hair	AT3G09240	4.517227	4.1373706	6.265474192056846e-06	0.0006850534011882695
1802	Root hair	AT1G04160	4.515703	5.0415688	6.310693014492155e-06	0.0006853666735604836
1803	Root hair	AT1G73860	4.4891944	6.053617	7.149308344055369e-06	0.0007712673841566933
1804	Root hair	AT3G55770	4.484624	2.7293088	7.304272426066337e-06	0.0007827664662159302
1805	Root hair	AT2G27480	4.4681697	5.252788	7.88917051479994e-06	0.0008398852452006094
